{
    "Beauty": 0.6794189214706421,
    "Electronics": 0.8196901082992554,
    "Fashion": 0.5,
    "Grocery": 0.6746708750724792,
    "Home": 0.7100173234939575
}