{
    "train_loss": [
        1.1688907732963563,
        0.9452649004459381,
        0.8453245964050293,
        0.7894629306793213,
        0.8125484752655029,
        0.7428354587554932,
        0.7185450870990753,
        0.6923532547950745,
        0.6739676098823547,
        0.6518411691188812,
        0.6756974778175354,
        0.6329805402755737,
        0.633060387134552,
        0.6155706025362014,
        0.6007353390455246
    ],
    "train_acc": [
        0.536,
        0.6325,
        0.671,
        0.6965,
        0.6925,
        0.721,
        0.7325,
        0.7285,
        0.7495,
        0.7515,
        0.7415,
        0.7565,
        0.7595,
        0.761,
        0.777
    ],
    "val_loss": [
        0.8929912648200988,
        0.7852915749549866,
        0.7554519634246826,
        0.726413507938385,
        0.700196014881134,
        0.6982037162780762,
        0.6875803289413452,
        0.6765959668159485,
        0.667908817768097,
        0.649229531288147,
        0.6441356737613678,
        0.6503388795852661,
        0.6267311940193177,
        0.6255621159076691,
        0.6168440153598785
    ],
    "val_acc": [
        0.65,
        0.688,
        0.702,
        0.714,
        0.718,
        0.726,
        0.732,
        0.728,
        0.728,
        0.742,
        0.738,
        0.74,
        0.746,
        0.744,
        0.752
    ],
    "stage1_epochs": 5
}